{
  "masses": [
    0.125,
    0.15,
    0.175,
    0.2,
    0.225,
    0.25,
    0.275,
    0.30000000000000004,
    0.325,
    0.35,
    0.375,
    0.4,
    0.42500000000000004,
    0.45,
    0.47500000000000003,
    0.5,
    0.525,
    0.55
  ],
  "Z_inf_volume": [
    0.012837434151190166,
    0.012809409559679245,
    0.012777764943525987,
    0.012742724114004492,
    0.012704484988673104,
    0.01266322593948128,
    0.012619110063079534,
    0.01257228818032954,
    0.012522901015012092,
    0.012471080819151076,
    0.012416952612099446,
    0.012360635142261567,
    0.012302241644857196,
    0.012241880446684728,
    0.012179655454157744,
    0.01211566655100363,
    0.012050009925191243,
    0.01198277833984026
  ],
  "central_coefficients_[z0,z1,beta,z2]": [
    0.012911437832415426,
    -0.002475284417689934,
    0.0005438258134453997,
    0.0001840339619720529
  ],
  "central_residual_rms": 1.8189798680639083e-08,
  "primary_variants_window_ansatz": {
    "central_full_window_with_m4": 0.0005438258134453997,
    "no_m4": 0.0005888475953289175,
    "win_0.15_0.50": 0.0005427183593929001,
    "win_0.20_0.55": 0.000548269130414209,
    "win_0.125_0.45": 0.0005392246105361647,
    "win_0.175_0.525": 0.0005453759248112077
  },
  "volume_trend": {
    "L24": 0.0006993678609993855,
    "L32": 0.0005730645922047261,
    "L48": 0.0005454644999263683,
    "Linf": 0.0005438258134453997
  },
  "beta_central": 0.0005438258134453997,
  "beta_primary_spread": 4.9622984792752805e-05,
  "beta_primary_std": 1.6977388473397707e-05,
  "raw_tadpole_coefficient_beta_over_prefactor": 0.006525909761344797,
  "note": "beta_B is the fitted coefficient of m^2 ln m^2 in Z=(1/12)<phi^2>_lat; sign is positive in this convention (P2-HK-01 uses opposite overall sign; magnitude is the robust quantity)."
}
