{
  "arm": "pilot",
  "audit": {
    "invalid_verdict_variants": [
      [
        "eps-drop-largest",
        "a fit invalid"
      ],
      [
        "eps-drop-smallest",
        "a fit invalid"
      ]
    ],
    "kind": "audit",
    "reason": "one or more verdict variants invalid",
    "verdict": "HARNESS INVALID / AUDIT INCONCLUSIVE"
  },
  "historical_criterion": {
    "gfvec_over_B": {
      "central": -75.9041171957031,
      "n_variants": 7,
      "per_variant": {
        "baseline": -75.9041171957031,
        "fit-order": -10.669858567596352,
        "mass-drop-one[0]": -52.00190966472926,
        "mass-drop-one[1]": -66.7556367233881,
        "mass-drop-one[2]": -82.8361312286357,
        "mass-drop-one[3]": -108.45455765180373,
        "mass-drop-one[4]": -134.69566738898095
      },
      "sigma": 65.23425862810674
    },
    "kind": "historical-criterion",
    "met": false,
    "note": "recorded outcome; promotion is a separate PI+reviewer step",
    "proca_over_B": {
      "central": -77.52852167237371,
      "n_variants": 7,
      "per_variant": {
        "baseline": -77.52852167237371,
        "fit-order": -12.192331211605286,
        "mass-drop-one[0]": -53.626704812009486,
        "mass-drop-one[1]": -68.38019072782647,
        "mass-drop-one[2]": -84.46042240476544,
        "mass-drop-one[3]": -110.07843010632766,
        "mass-drop-one[4]": -136.31911094449578
      },
      "sigma": 65.33619046076842
    }
  },
  "non_decisive": true,
  "refuse_log": [
    "(1) sidecar hash OK",
    "(2) prereg-doc hash OK",
    "(3) registered-source hashes OK",
    "(4) compute commit is ancestor of HEAD",
    "(5) schema version OK"
  ],
  "seagull_diagnostic": {
    "dZ_max": 6.140921104957897e-14,
    "dbeta": -9.632489250677168e-12,
    "dbeta_over_absBbase": -8.150510912086944e-08,
    "kind": "seagull",
    "status": "consistent (<= tau_Z)",
    "tau_Z": 2.2390922783200336e-08
  },
  "status": "verified"
}
